Comment,Designator,Footprint,LCSC
Conn_01x02_Pin,J1,JST_PH_B2B-PH-K_1x02_P2.00mm_Vertical,
1k,Rled1,R_Axial_DIN0204_L3.6mm_D1.6mm_P5.08mm_Horizontal,
DRV8833PWR,U1,TSSOP-16_4.4x5mm_P0.65mm,
10k,R9,R_Axial_DIN0204_L3.6mm_D1.6mm_P5.08mm_Horizontal,
10K,R10,R_Axial_DIN0204_L3.6mm_D1.6mm_P5.08mm_Horizontal,
4.7uF,C2,CP_Radial_D4.0mm_P2.00mm,
MCP73831T-2ACI/OT,U2,SOT-23-5,
4.7uF,C1,CP_Radial_D4.0mm_P2.00mm,
1k,R1,R_Axial_DIN0204_L3.6mm_D1.6mm_P5.08mm_Horizontal,
"2,2nf",C3,CP_Radial_D4.0mm_P1.50mm,
4.7uF,C4,CP_Radial_D4.0mm_P2.00mm,
LED,Indicator1,LED_D3.0mm,
Conn_02x08_Counter_Clockwise_MountingPin,J3,PinSocket_2x08_P2.54mm_Vertical,
