Designator,Val,Package,Mid X,Mid Y,Rotation,Layer
C1,4.7uF,CP_Radial_D4.0mm_P2.00mm,140.5,-60.472599,-90.0,top
C2,4.7uF,CP_Radial_D4.0mm_P2.00mm,128.5,-53.0,0.0,top
C3,"2,2nf",CP_Radial_D4.0mm_P1.50mm,114.722599,-56.5,0.0,top
C4,4.7uF,CP_Radial_D4.0mm_P2.00mm,119.0,-59.972599,-90.0,top
Indicator1,LED,LED_D3.0mm,124.0,-59.775,-90.0,top
J1,Conn_01x02_Pin,JST_PH_B2B-PH-K_1x02_P2.00mm_Vertical,139.0,-47.05,0.0,top
J3,Conn_02x08_Counter_Clockwise_MountingPin,PinSocket_2x08_P2.54mm_Vertical,124.705,-47.21,-90.0,top
R1,1k,R_Axial_DIN0204_L3.6mm_D1.6mm_P5.08mm_Horizontal,109.5,-49.0,-90.0,top
R9,10k,R_Axial_DIN0204_L3.6mm_D1.6mm_P5.08mm_Horizontal,120.5,-56.5,180.0,top
R10,10K,R_Axial_DIN0204_L3.6mm_D1.6mm_P5.08mm_Horizontal,117.96,-52.0,180.0,top
Rled1,1k,R_Axial_DIN0204_L3.6mm_D1.6mm_P5.08mm_Horizontal,129.0,-59.0,-90.0,top
U1,DRV8833PWR,TSSOP-16_4.4x5mm_P0.65mm,137.5,-54.5,0.0,top
U2,MCP73831T-2ACI/OT,SOT-23-5,135.1375,-60.05,0.0,top
