"#","Reference","Qty","Value","Footprint","DNP"
"1","C1, C2","2","4.7uF","Capacitor_THT:CP_Radial_D4.0mm_P2.00mm",""
"2","charging1","1","LED","LED_THT:LED_D3.0mm",""
"3","J1","1","Conn_01x02_Pin","Connector_JST:JST_PH_B2B-PH-K_1x02_P2.00mm_Vertical",""
"4","J2","1","Conn_02x08_Counter_Clockwise_MountingPin","Connector_PinSocket_2.54mm:PinSocket_2x07_P2.54mm_Vertical",""
"5","R9","1","1K8","Resistor_THT:R_Axial_DIN0204_L3.6mm_D1.6mm_P5.08mm_Horizontal",""
"6","R10","1","1K","Resistor_THT:R_Axial_DIN0204_L3.6mm_D1.6mm_P5.08mm_Horizontal",""
"7","Rled1","1","1k","Resistor_THT:R_Axial_DIN0204_L3.6mm_D1.6mm_P5.08mm_Horizontal",""
"8","Rprog1","1","2k","Resistor_THT:R_Axial_DIN0204_L3.6mm_D1.6mm_P5.08mm_Horizontal",""
"9","SW1","1","SW_Push","Button_Switch_THT:KSA_Tactile_SPST",""
"10","U1","1","L293D","Package_DIP:DIP-16_W7.62mm",""
"11","U2","1","MCP73831T-2ACI/OT","Package_TO_SOT_SMD:SOT-23-5",""
