<?xml version="1.0" encoding="UTF-8"?>
<export version="E">
  <design>
    <source>F:\Design PDB assignment\Design PCB assignment.kicad_sch</source>
    <date>2024/03/22 14:53:39</date>
    <tool>Eeschema 7.0.8</tool>
    <sheet number="1" name="/" tstamps="/">
      <title_block>
        <title/>
        <company/>
        <rev/>
        <date/>
        <source>Design PCB assignment.kicad_sch</source>
        <comment number="1" value=""/>
        <comment number="2" value=""/>
        <comment number="3" value=""/>
        <comment number="4" value=""/>
        <comment number="5" value=""/>
        <comment number="6" value=""/>
        <comment number="7" value=""/>
        <comment number="8" value=""/>
        <comment number="9" value=""/>
      </title_block>
    </sheet>
  </design>
  <components>
    <comp ref="C1">
      <value>4.7uF</value>
      <footprint>Capacitor_THT:CP_Radial_D4.0mm_P2.00mm</footprint>
      <libsource lib="Device" part="C" description="Unpolarized capacitor"/>
      <property name="Sheetname" value=""/>
      <property name="Sheetfile" value="Design PCB assignment.kicad_sch"/>
      <property name="ki_description" value="Unpolarized capacitor"/>
      <property name="ki_keywords" value="cap capacitor"/>
      <sheetpath names="/" tstamps="/"/>
      <tstamps>847e1005-31e1-4077-9b58-195d886e4190</tstamps>
    </comp>
    <comp ref="C2">
      <value>4.7uF</value>
      <footprint>Capacitor_THT:CP_Radial_D4.0mm_P2.00mm</footprint>
      <libsource lib="Device" part="C" description="Unpolarized capacitor"/>
      <property name="Sheetname" value=""/>
      <property name="Sheetfile" value="Design PCB assignment.kicad_sch"/>
      <property name="ki_description" value="Unpolarized capacitor"/>
      <property name="ki_keywords" value="cap capacitor"/>
      <sheetpath names="/" tstamps="/"/>
      <tstamps>8850f996-c343-43c1-a9e1-e0eb2c825c5d</tstamps>
    </comp>
    <comp ref="charging1">
      <value>LED</value>
      <footprint>LED_THT:LED_D3.0mm</footprint>
      <libsource lib="Device" part="LED" description="Light emitting diode"/>
      <property name="Sheetname" value=""/>
      <property name="Sheetfile" value="Design PCB assignment.kicad_sch"/>
      <property name="ki_description" value="Light emitting diode"/>
      <property name="ki_keywords" value="LED diode"/>
      <sheetpath names="/" tstamps="/"/>
      <tstamps>25e6c6e2-8f0e-4e40-9c61-ace31c22de29</tstamps>
    </comp>
    <comp ref="J1">
      <value>Conn_01x02_Pin</value>
      <footprint>Connector_JST:JST_PH_B2B-PH-K_1x02_P2.00mm_Vertical</footprint>
      <libsource lib="Connector" part="Conn_01x02_Pin" description="Generic connector, single row, 01x02, script generated"/>
      <property name="Sheetname" value=""/>
      <property name="Sheetfile" value="Design PCB assignment.kicad_sch"/>
      <property name="ki_description" value="Generic connector, single row, 01x02, script generated"/>
      <property name="ki_keywords" value="connector"/>
      <sheetpath names="/" tstamps="/"/>
      <tstamps>91bb0c8a-aa30-4902-a235-273e66694d84</tstamps>
    </comp>
    <comp ref="J2">
      <value>Conn_02x08_Counter_Clockwise_MountingPin</value>
      <footprint>Connector_PinSocket_2.54mm:PinSocket_2x07_P2.54mm_Vertical</footprint>
      <libsource lib="Connector_Generic_MountingPin" part="Conn_02x08_Counter_Clockwise_MountingPin" description="Generic connectable mounting pin connector, double row, 02x08, counter clockwise pin numbering scheme (similar to DIP package numbering), script generated (kicad-library-utils/schlib/autogen/connector/)"/>
      <property name="Sheetname" value=""/>
      <property name="Sheetfile" value="Design PCB assignment.kicad_sch"/>
      <property name="ki_description" value="Generic connectable mounting pin connector, double row, 02x08, counter clockwise pin numbering scheme (similar to DIP package numbering), script generated (kicad-library-utils/schlib/autogen/connector/)"/>
      <property name="ki_keywords" value="connector"/>
      <sheetpath names="/" tstamps="/"/>
      <tstamps>4ac839e7-e70b-4827-a1ee-2a089467d48f</tstamps>
    </comp>
    <comp ref="R9">
      <value>1K8</value>
      <footprint>Resistor_THT:R_Axial_DIN0204_L3.6mm_D1.6mm_P5.08mm_Horizontal</footprint>
      <libsource lib="Device" part="R" description="Resistor"/>
      <property name="Sheetname" value=""/>
      <property name="Sheetfile" value="Design PCB assignment.kicad_sch"/>
      <property name="ki_description" value="Resistor"/>
      <property name="ki_keywords" value="R res resistor"/>
      <sheetpath names="/" tstamps="/"/>
      <tstamps>e53737c2-17d1-493d-9dc6-7368d65de8cf</tstamps>
    </comp>
    <comp ref="R10">
      <value>1K</value>
      <footprint>Resistor_THT:R_Axial_DIN0204_L3.6mm_D1.6mm_P5.08mm_Horizontal</footprint>
      <libsource lib="Device" part="R" description="Resistor"/>
      <property name="Sheetname" value=""/>
      <property name="Sheetfile" value="Design PCB assignment.kicad_sch"/>
      <property name="ki_description" value="Resistor"/>
      <property name="ki_keywords" value="R res resistor"/>
      <sheetpath names="/" tstamps="/"/>
      <tstamps>4890ebbc-be11-474c-9746-6c9944cb56d1</tstamps>
    </comp>
    <comp ref="Rled1">
      <value>1k</value>
      <footprint>Resistor_THT:R_Axial_DIN0204_L3.6mm_D1.6mm_P5.08mm_Horizontal</footprint>
      <libsource lib="Device" part="R" description="Resistor"/>
      <property name="Sheetname" value=""/>
      <property name="Sheetfile" value="Design PCB assignment.kicad_sch"/>
      <property name="ki_description" value="Resistor"/>
      <property name="ki_keywords" value="R res resistor"/>
      <sheetpath names="/" tstamps="/"/>
      <tstamps>9a7c798e-ffd0-43e8-87de-7157617fa632</tstamps>
    </comp>
    <comp ref="Rprog1">
      <value>2k</value>
      <footprint>Resistor_THT:R_Axial_DIN0204_L3.6mm_D1.6mm_P5.08mm_Horizontal</footprint>
      <libsource lib="Device" part="R" description="Resistor"/>
      <property name="Sheetname" value=""/>
      <property name="Sheetfile" value="Design PCB assignment.kicad_sch"/>
      <property name="ki_description" value="Resistor"/>
      <property name="ki_keywords" value="R res resistor"/>
      <sheetpath names="/" tstamps="/"/>
      <tstamps>4476b9c7-3c4e-4cfa-b6ba-f74c8517310d</tstamps>
    </comp>
    <comp ref="SW1">
      <value>SW_Push</value>
      <footprint>Button_Switch_THT:KSA_Tactile_SPST</footprint>
      <libsource lib="Switch" part="SW_Push" description="Push button switch, generic, two pins"/>
      <property name="Sheetname" value=""/>
      <property name="Sheetfile" value="Design PCB assignment.kicad_sch"/>
      <property name="ki_description" value="Push button switch, generic, two pins"/>
      <property name="ki_keywords" value="switch normally-open pushbutton push-button"/>
      <sheetpath names="/" tstamps="/"/>
      <tstamps>973e4fb1-d116-4da1-b936-7f403f3aa225</tstamps>
    </comp>
    <comp ref="U1">
      <value>L293D</value>
      <footprint>Package_DIP:DIP-16_W7.62mm</footprint>
      <datasheet>http://www.ti.com/lit/ds/symlink/l293.pdf</datasheet>
      <libsource lib="Driver_Motor" part="L293D" description="Quadruple Half-H Drivers"/>
      <property name="Sheetname" value=""/>
      <property name="Sheetfile" value="Design PCB assignment.kicad_sch"/>
      <property name="ki_description" value="Quadruple Half-H Drivers"/>
      <property name="ki_keywords" value="Half-H Driver Motor"/>
      <sheetpath names="/" tstamps="/"/>
      <tstamps>a367349d-da23-43f7-b981-5e15642cae3f</tstamps>
    </comp>
    <comp ref="U2">
      <value>MCP73831T-2ACI/OT</value>
      <footprint>Package_TO_SOT_SMD:SOT-23-5</footprint>
      <datasheet>http://ww1.microchip.com/downloads/en/DeviceDoc/20001984g.pdf</datasheet>
      <libsource lib="Battery_Management" part="MCP73831-2-OT" description="Single cell, Li-Ion/Li-Po charge management controller, 4.20V, Tri-State Status Output, in SOT23-5 package"/>
      <property name="Sheetname" value=""/>
      <property name="Sheetfile" value="Design PCB assignment.kicad_sch"/>
      <property name="ki_description" value="Single cell, Li-Ion/Li-Po charge management controller, 4.20V, Tri-State Status Output, in SOT23-5 package"/>
      <property name="ki_keywords" value="battery charger lithium"/>
      <sheetpath names="/" tstamps="/"/>
      <tstamps>bbf3e4c7-19c6-43db-851a-6f12f5995bbf</tstamps>
    </comp>
  </components>
  <libparts>
    <libpart lib="Battery_Management" part="MCP73831-2-OT">
      <description>Single cell, Li-Ion/Li-Po charge management controller, 4.20V, Tri-State Status Output, in SOT23-5 package</description>
      <docs>http://ww1.microchip.com/downloads/en/DeviceDoc/20001984g.pdf</docs>
      <footprints>
        <fp>SOT?23*</fp>
      </footprints>
      <fields>
        <field name="Reference">U</field>
        <field name="Value">MCP73831-2-OT</field>
        <field name="Footprint">Package_TO_SOT_SMD:SOT-23-5</field>
        <field name="Datasheet">http://ww1.microchip.com/downloads/en/DeviceDoc/20001984g.pdf</field>
      </fields>
      <pins>
        <pin num="1" name="STAT" type="output"/>
        <pin num="2" name="V_{SS}" type="power_in"/>
        <pin num="3" name="V_{BAT}" type="power_out"/>
        <pin num="4" name="V_{DD}" type="power_in"/>
        <pin num="5" name="PROG" type="input"/>
      </pins>
    </libpart>
    <libpart lib="Connector" part="Conn_01x02_Pin">
      <description>Generic connector, single row, 01x02, script generated</description>
      <docs>~</docs>
      <footprints>
        <fp>Connector*:*_1x??_*</fp>
      </footprints>
      <fields>
        <field name="Reference">J</field>
        <field name="Value">Conn_01x02_Pin</field>
        <field name="Datasheet">~</field>
      </fields>
      <pins>
        <pin num="1" name="Pin_1" type="passive"/>
        <pin num="2" name="Pin_2" type="passive"/>
      </pins>
    </libpart>
    <libpart lib="Connector_Generic_MountingPin" part="Conn_02x08_Counter_Clockwise_MountingPin">
      <description>Generic connectable mounting pin connector, double row, 02x08, counter clockwise pin numbering scheme (similar to DIP package numbering), script generated (kicad-library-utils/schlib/autogen/connector/)</description>
      <docs>~</docs>
      <footprints>
        <fp>Connector*:*_2x??-1MP*</fp>
      </footprints>
      <fields>
        <field name="Reference">J</field>
        <field name="Value">Conn_02x08_Counter_Clockwise_MountingPin</field>
        <field name="Datasheet">~</field>
      </fields>
      <pins>
        <pin num="1" name="Pin_1" type="passive"/>
        <pin num="2" name="Pin_2" type="passive"/>
        <pin num="3" name="Pin_3" type="passive"/>
        <pin num="4" name="Pin_4" type="passive"/>
        <pin num="5" name="Pin_5" type="passive"/>
        <pin num="6" name="Pin_6" type="passive"/>
        <pin num="7" name="Pin_7" type="passive"/>
        <pin num="8" name="Pin_8" type="passive"/>
        <pin num="9" name="Pin_9" type="passive"/>
        <pin num="10" name="Pin_10" type="passive"/>
        <pin num="11" name="Pin_11" type="passive"/>
        <pin num="12" name="Pin_12" type="passive"/>
        <pin num="13" name="Pin_13" type="passive"/>
        <pin num="14" name="Pin_14" type="passive"/>
        <pin num="15" name="Pin_15" type="passive"/>
        <pin num="16" name="Pin_16" type="passive"/>
        <pin num="MP" name="MountPin" type="passive"/>
      </pins>
    </libpart>
    <libpart lib="Device" part="C">
      <description>Unpolarized capacitor</description>
      <docs>~</docs>
      <footprints>
        <fp>C_*</fp>
      </footprints>
      <fields>
        <field name="Reference">C</field>
        <field name="Value">C</field>
        <field name="Datasheet">~</field>
      </fields>
      <pins>
        <pin num="1" name="" type="passive"/>
        <pin num="2" name="" type="passive"/>
      </pins>
    </libpart>
    <libpart lib="Device" part="LED">
      <description>Light emitting diode</description>
      <docs>~</docs>
      <footprints>
        <fp>LED*</fp>
        <fp>LED_SMD:*</fp>
        <fp>LED_THT:*</fp>
      </footprints>
      <fields>
        <field name="Reference">D</field>
        <field name="Value">LED</field>
        <field name="Datasheet">~</field>
      </fields>
      <pins>
        <pin num="1" name="K" type="passive"/>
        <pin num="2" name="A" type="passive"/>
      </pins>
    </libpart>
    <libpart lib="Device" part="R">
      <description>Resistor</description>
      <docs>~</docs>
      <footprints>
        <fp>R_*</fp>
      </footprints>
      <fields>
        <field name="Reference">R</field>
        <field name="Value">R</field>
        <field name="Datasheet">~</field>
      </fields>
      <pins>
        <pin num="1" name="" type="passive"/>
        <pin num="2" name="" type="passive"/>
      </pins>
    </libpart>
    <libpart lib="Driver_Motor" part="L293D">
      <description>Quadruple Half-H Drivers</description>
      <docs>http://www.ti.com/lit/ds/symlink/l293.pdf</docs>
      <footprints>
        <fp>DIP*W7.62mm*</fp>
      </footprints>
      <fields>
        <field name="Reference">U</field>
        <field name="Value">L293D</field>
        <field name="Footprint">Package_DIP:DIP-16_W7.62mm</field>
        <field name="Datasheet">http://www.ti.com/lit/ds/symlink/l293.pdf</field>
      </fields>
      <pins>
        <pin num="1" name="EN1,2" type="input"/>
        <pin num="2" name="1A" type="input"/>
        <pin num="3" name="1Y" type="output"/>
        <pin num="4" name="GND" type="power_in"/>
        <pin num="5" name="GND" type="power_in"/>
        <pin num="6" name="2Y" type="output"/>
        <pin num="7" name="2A" type="input"/>
        <pin num="8" name="VCC2" type="power_in"/>
        <pin num="9" name="EN3,4" type="input"/>
        <pin num="10" name="3A" type="input"/>
        <pin num="11" name="3Y" type="output"/>
        <pin num="12" name="GND" type="power_in"/>
        <pin num="13" name="GND" type="power_in"/>
        <pin num="14" name="4Y" type="output"/>
        <pin num="15" name="4A" type="input"/>
        <pin num="16" name="VCC1" type="power_in"/>
      </pins>
    </libpart>
    <libpart lib="Switch" part="SW_Push">
      <description>Push button switch, generic, two pins</description>
      <docs>~</docs>
      <fields>
        <field name="Reference">SW</field>
        <field name="Value">SW_Push</field>
        <field name="Datasheet">~</field>
      </fields>
      <pins>
        <pin num="1" name="1" type="passive"/>
        <pin num="2" name="2" type="passive"/>
      </pins>
    </libpart>
  </libparts>
  <libraries>
    <library logical="Battery_Management">
      <uri>C:\Program Files\KiCad\7.0\share\kicad\symbols\/Battery_Management.kicad_sym</uri>
    </library>
    <library logical="Connector">
      <uri>C:\Program Files\KiCad\7.0\share\kicad\symbols\/Connector.kicad_sym</uri>
    </library>
    <library logical="Connector_Generic_MountingPin">
      <uri>C:\Program Files\KiCad\7.0\share\kicad\symbols\/Connector_Generic_MountingPin.kicad_sym</uri>
    </library>
    <library logical="Device">
      <uri>C:\Program Files\KiCad\7.0\share\kicad\symbols\/Device.kicad_sym</uri>
    </library>
    <library logical="Driver_Motor">
      <uri>C:\Program Files\KiCad\7.0\share\kicad\symbols\/Driver_Motor.kicad_sym</uri>
    </library>
    <library logical="Switch">
      <uri>C:\Program Files\KiCad\7.0\share\kicad\symbols\/Switch.kicad_sym</uri>
    </library>
  </libraries>
  <nets>
    <net code="1" name="5V">
      <node ref="C1" pin="1" pintype="passive"/>
      <node ref="J2" pin="11" pinfunction="Pin_11" pintype="passive"/>
      <node ref="J2" pin="12" pinfunction="Pin_12" pintype="passive"/>
      <node ref="Rled1" pin="1" pintype="passive"/>
      <node ref="U2" pin="4" pinfunction="V_{DD}" pintype="power_in"/>
    </net>
    <net code="2" name="BATT +">
      <node ref="C2" pin="1" pintype="passive"/>
      <node ref="J1" pin="2" pinfunction="Pin_2" pintype="passive"/>
      <node ref="J2" pin="7" pinfunction="Pin_7" pintype="passive"/>
      <node ref="J2" pin="8" pinfunction="Pin_8" pintype="passive"/>
      <node ref="R9" pin="1" pintype="passive"/>
      <node ref="SW1" pin="2" pinfunction="2" pintype="passive"/>
      <node ref="U2" pin="3" pinfunction="V_{BAT}" pintype="power_out"/>
    </net>
    <net code="3" name="BATT_ADC">
      <node ref="J2" pin="10" pinfunction="Pin_10" pintype="passive"/>
      <node ref="R10" pin="1" pintype="passive"/>
      <node ref="R9" pin="2" pintype="passive"/>
    </net>
    <net code="4" name="GND">
      <node ref="C1" pin="2" pintype="passive"/>
      <node ref="C2" pin="2" pintype="passive"/>
      <node ref="J1" pin="1" pinfunction="Pin_1" pintype="passive"/>
      <node ref="J2" pin="5" pinfunction="Pin_5" pintype="passive"/>
      <node ref="J2" pin="6" pinfunction="Pin_6" pintype="passive"/>
      <node ref="R10" pin="2" pintype="passive"/>
      <node ref="U1" pin="12" pinfunction="GND" pintype="power_in"/>
      <node ref="U1" pin="13" pinfunction="GND" pintype="power_in"/>
      <node ref="U1" pin="4" pinfunction="GND" pintype="power_in"/>
      <node ref="U1" pin="5" pinfunction="GND" pintype="power_in"/>
    </net>
    <net code="5" name="Motor1_A">
      <node ref="J2" pin="13" pinfunction="Pin_13" pintype="passive"/>
      <node ref="U1" pin="6" pinfunction="2Y" pintype="output"/>
    </net>
    <net code="6" name="Motor1_B">
      <node ref="J2" pin="15" pinfunction="Pin_15" pintype="passive"/>
      <node ref="U1" pin="3" pinfunction="1Y" pintype="output"/>
    </net>
    <net code="7" name="Motor2_A">
      <node ref="J2" pin="1" pinfunction="Pin_1" pintype="passive"/>
      <node ref="U1" pin="14" pinfunction="4Y" pintype="output"/>
    </net>
    <net code="8" name="Motor2_B">
      <node ref="J2" pin="3" pinfunction="Pin_3" pintype="passive"/>
      <node ref="U1" pin="11" pinfunction="3Y" pintype="output"/>
    </net>
    <net code="9" name="Net-(U1-EN1,2)">
      <node ref="SW1" pin="1" pinfunction="1" pintype="passive"/>
      <node ref="U1" pin="1" pinfunction="EN1,2" pintype="input"/>
      <node ref="U1" pin="16" pinfunction="VCC1" pintype="power_in"/>
      <node ref="U1" pin="8" pinfunction="VCC2" pintype="power_in"/>
      <node ref="U1" pin="9" pinfunction="EN3,4" pintype="input"/>
    </net>
    <net code="10" name="Net-(U2-PROG)">
      <node ref="Rprog1" pin="1" pintype="passive"/>
      <node ref="U2" pin="5" pinfunction="PROG" pintype="input"/>
    </net>
    <net code="11" name="Net-(U2-STAT)">
      <node ref="U2" pin="1" pinfunction="STAT" pintype="output"/>
      <node ref="charging1" pin="1" pinfunction="K" pintype="passive"/>
    </net>
    <net code="12" name="Net-(U2-V_{SS})">
      <node ref="Rprog1" pin="2" pintype="passive"/>
      <node ref="U2" pin="2" pinfunction="V_{SS}" pintype="power_in"/>
    </net>
    <net code="13" name="Net-(charging1-A)">
      <node ref="Rled1" pin="2" pintype="passive"/>
      <node ref="charging1" pin="2" pinfunction="A" pintype="passive"/>
    </net>
    <net code="14" name="PWM1">
      <node ref="J2" pin="2" pinfunction="Pin_2" pintype="passive"/>
      <node ref="U1" pin="2" pinfunction="1A" pintype="input"/>
    </net>
    <net code="15" name="PWM2">
      <node ref="J2" pin="4" pinfunction="Pin_4" pintype="passive"/>
      <node ref="U1" pin="7" pinfunction="2A" pintype="input"/>
    </net>
    <net code="16" name="PWM3">
      <node ref="J2" pin="14" pinfunction="Pin_14" pintype="passive"/>
      <node ref="U1" pin="10" pinfunction="3A" pintype="input"/>
    </net>
    <net code="17" name="PWM4">
      <node ref="J2" pin="16" pinfunction="Pin_16" pintype="passive"/>
      <node ref="U1" pin="15" pinfunction="4A" pintype="input"/>
    </net>
    <net code="18" name="RESV">
      <node ref="J2" pin="9" pinfunction="Pin_9" pintype="passive"/>
    </net>
    <net code="19" name="unconnected-(J2-MountPin-PadMP)">
      <node ref="J2" pin="MP" pinfunction="MountPin" pintype="passive"/>
    </net>
  </nets>
</export>
